{
  "avg_result_excluding_empty_result_precision": {
    "mean": 0.165,
    "ci_lower": 0.07766690090994056,
    "ci_upper": 0.25233309909005947,
    "std_dev": 0.11581834435394459,
    "values": [
      0.25,
      0.25,
      0.0,
      0.3333333333333333,
      0.0,
      0.0,
      0.2,
      0.2,
      0.16666666666666666,
      0.25
    ],
    "n": 10
  },
  "avg_result_excluding_empty_result_recall": {
    "mean": 0.165,
    "ci_lower": 0.07766690090994056,
    "ci_upper": 0.25233309909005947,
    "std_dev": 0.11581834435394459,
    "values": [
      0.25,
      0.25,
      0.0,
      0.3333333333333333,
      0.0,
      0.0,
      0.2,
      0.2,
      0.16666666666666666,
      0.25
    ],
    "n": 10
  },
  "avg_result_excluding_empty_result_f1": {
    "mean": 0.165,
    "ci_lower": 0.07766690090994056,
    "ci_upper": 0.25233309909005947,
    "std_dev": 0.11581834435394459,
    "values": [
      0.25,
      0.25,
      0.0,
      0.3333333333333333,
      0.0,
      0.0,
      0.2,
      0.2,
      0.16666666666666666,
      0.25
    ],
    "n": 10
  },
  "avg_result_including_empty_result_precision": {
    "mean": 0.0477328124232149,
    "ci_lower": 0.021305792789877813,
    "ci_upper": 0.074159832056552,
    "std_dev": 0.03504666262886202,
    "values": [
      0.06666666666666667,
      0.07142857142857142,
      0.0,
      0.1111111111111111,
      0.0,
      0.0,
      0.058823529411764705,
      0.05263157894736842,
      0.05,
      0.06666666666666667
    ],
    "n": 10
  },
  "avg_result_including_empty_result_recall": {
    "mean": 0.0477328124232149,
    "ci_lower": 0.021305792789877813,
    "ci_upper": 0.074159832056552,
    "std_dev": 0.03504666262886202,
    "values": [
      0.06666666666666667,
      0.07142857142857142,
      0.0,
      0.1111111111111111,
      0.0,
      0.0,
      0.058823529411764705,
      0.05263157894736842,
      0.05,
      0.06666666666666667
    ],
    "n": 10
  },
  "avg_result_including_empty_result_f1": {
    "mean": 0.0477328124232149,
    "ci_lower": 0.021305792789877813,
    "ci_upper": 0.074159832056552,
    "std_dev": 0.03504666262886202,
    "values": [
      0.06666666666666667,
      0.07142857142857142,
      0.0,
      0.1111111111111111,
      0.0,
      0.0,
      0.058823529411764705,
      0.05263157894736842,
      0.05,
      0.06666666666666667
    ],
    "n": 10
  },
  "avg_result_all_precision": {
    "mean": 0.027955665024630538,
    "ci_lower": 0.011946186015973356,
    "ci_upper": 0.04396514403328772,
    "std_dev": 0.021231255641573306,
    "values": [
      0.034482758620689655,
      0.034482758620689655,
      0.0,
      0.07142857142857142,
      0.0,
      0.0,
      0.034482758620689655,
      0.034482758620689655,
      0.034482758620689655,
      0.03571428571428571
    ],
    "n": 10
  },
  "avg_result_all_recall": {
    "mean": 0.027955665024630538,
    "ci_lower": 0.011946186015973356,
    "ci_upper": 0.04396514403328772,
    "std_dev": 0.021231255641573306,
    "values": [
      0.034482758620689655,
      0.034482758620689655,
      0.0,
      0.07142857142857142,
      0.0,
      0.0,
      0.034482758620689655,
      0.034482758620689655,
      0.034482758620689655,
      0.03571428571428571
    ],
    "n": 10
  },
  "avg_result_all_f1": {
    "mean": 0.027955665024630538,
    "ci_lower": 0.011946186015973356,
    "ci_upper": 0.04396514403328772,
    "std_dev": 0.021231255641573306,
    "values": [
      0.034482758620689655,
      0.034482758620689655,
      0.0,
      0.07142857142857142,
      0.0,
      0.0,
      0.034482758620689655,
      0.034482758620689655,
      0.034482758620689655,
      0.03571428571428571
    ],
    "n": 10
  }
}