{
  "avg_result_excluding_empty_result_precision": {
    "mean": 0.5191746861713676,
    "ci_lower": 0.4585957171896588,
    "ci_upper": 0.5797536551530764,
    "std_dev": 0.08033787834432964,
    "values": [
      0.29946657455161285,
      0.5297791032545849,
      0.5954393156561208,
      0.5355749391138389,
      0.4949404761904762,
      0.520300779258612,
      0.5104849279161205,
      0.5355105415460935,
      0.5702502042262176,
      0.6
    ],
    "n": 10
  },
  "avg_result_excluding_empty_result_recall": {
    "mean": 0.6265319430704501,
    "ci_lower": 0.5451418625987787,
    "ci_upper": 0.7079220235421215,
    "std_dev": 0.10793690439569274,
    "values": [
      0.42948303367395335,
      0.6344794484684528,
      0.837339517856563,
      0.7623751805551046,
      0.5521924718665114,
      0.64422455051093,
      0.5714285714285714,
      0.6666666666666666,
      0.5671299896777477,
      0.6
    ],
    "n": 10
  },
  "avg_result_excluding_empty_result_f1": {
    "mean": 0.5418751785708819,
    "ci_lower": 0.48195344080021135,
    "ci_upper": 0.6017969163415524,
    "std_dev": 0.07946627947158495,
    "values": [
      0.3269348187534758,
      0.5532209287894475,
      0.6382763215724017,
      0.5898733967538116,
      0.514940258331881,
      0.5355917325033915,
      0.5326947105372761,
      0.5585468920392584,
      0.5686727264278745,
      0.6
    ],
    "n": 10
  },
  "avg_result_including_empty_result_precision": {
    "mean": 0.2558737423137969,
    "ci_lower": 0.2241248063856197,
    "ci_upper": 0.2876226782419741,
    "std_dev": 0.04210441668180181,
    "values": [
      0.16844994818528222,
      0.298000745580704,
      0.2605047005995529,
      0.3213449634683033,
      0.26650641025641025,
      0.24013882119628244,
      0.27487649964714184,
      0.22950451780546863,
      0.2851251021131088,
      0.21428571428571427
    ],
    "n": 10
  },
  "avg_result_including_empty_result_recall": {
    "mean": 0.3108166161987837,
    "ci_lower": 0.2616254229283254,
    "ci_upper": 0.360007809469242,
    "std_dev": 0.06523577682161813,
    "values": [
      0.24158420644159875,
      0.3568946897635047,
      0.3663360390622463,
      0.45742510833306277,
      0.29733440792812155,
      0.29733440792812155,
      0.3076923076923077,
      0.2857142857142857,
      0.2835649948388739,
      0.21428571428571427
    ],
    "n": 10
  },
  "avg_result_including_empty_result_f1": {
    "mean": 0.26775641749938817,
    "ci_lower": 0.23296234369426516,
    "ci_upper": 0.30255049130451117,
    "std_dev": 0.04614278049703364,
    "values": [
      0.18390083554883013,
      0.31118677244406423,
      0.2792458906879257,
      0.35392403805228695,
      0.2772755237171667,
      0.24719618423233458,
      0.2868356133662256,
      0.2393772394453965,
      0.28433636321393724,
      0.21428571428571427
    ],
    "n": 10
  },
  "avg_result_all_precision": {
    "mean": 0.11505018107822221,
    "ci_lower": 0.09865868204565999,
    "ci_upper": 0.13144168011078444,
    "std_dev": 0.021737878298272003,
    "values": [
      0.08422497409264111,
      0.149000372790352,
      0.13025235029977644,
      0.1506304516257672,
      0.10826822916666667,
      0.09755639611098973,
      0.11166857798165138,
      0.10040822653989252,
      0.1247422321744851,
      0.09375
    ],
    "n": 10
  },
  "avg_result_all_recall": {
    "mean": 0.1406219378848404,
    "ci_lower": 0.11361692692872967,
    "ci_upper": 0.16762694884095114,
    "std_dev": 0.03581317611289122,
    "values": [
      0.12079210322079938,
      0.17844734488175235,
      0.18316801953112316,
      0.21441801953112316,
      0.12079210322079938,
      0.12079210322079938,
      0.125,
      0.125,
      0.12405968524200732,
      0.09375
    ],
    "n": 10
  },
  "c": {
    "mean": 0.12055369426253922,
    "ci_lower": 0.10218556361383521,
    "ci_upper": 0.13892182491124322,
    "std_dev": 0.024359223510619553,
    "values": [
      0.09195041777441507,
      0.15559338622203212,
      0.13962294534396286,
      0.1659018928370095,
      0.11264318151009896,
      0.10042344984438592,
      0.11652696793002915,
      0.10472754225736096,
      0.12439715890609754,
      0.09375
    ],
    "n": 10
  }
}