{
  "avg_result_excluding_empty_result_precision": {
    "mean": 0.48897501885335204,
    "ci_lower": 0.41953860376957813,
    "ci_upper": 0.558411433937126,
    "std_dev": 0.09208433820243679,
    "values": [
      0.39636401943429955,
      0.2636337004388656,
      0.4626906004089975,
      0.5355749391138389,
      0.4949404761904762,
      0.520300779258612,
      0.5104849279161205,
      0.5355105415460935,
      0.5702502042262176,
      0.6
    ],
    "n": 10
  },
  "avg_result_excluding_empty_result_recall": {
    "mean": 0.5999035897714181,
    "ci_lower": 0.517008699122605,
    "ci_upper": 0.6827984804202312,
    "std_dev": 0.10993253520576826,
    "values": [
      0.6042770867423847,
      0.32887551078412436,
      0.7018658694821412,
      0.7623751805551046,
      0.5521924718665114,
      0.64422455051093,
      0.5714285714285714,
      0.6666666666666666,
      0.5671299896777477,
      0.6
    ],
    "n": 10
  },
  "avg_result_excluding_empty_result_f1": {
    "mean": 0.5107552347414505,
    "ci_lower": 0.4441466139912442,
    "ci_upper": 0.5773638554916567,
    "std_dev": 0.08833420839713195,
    "values": [
      0.43391456726897826,
      0.2857962445488259,
      0.4875218190032074,
      0.5898733967538116,
      0.514940258331881,
      0.5355917325033915,
      0.5326947105372761,
      0.5585468920392584,
      0.5686727264278745,
      0.6
    ],
    "n": 10
  },
  "avg_result_including_empty_result_precision": {
    "mean": 0.24494600294743346,
    "ci_lower": 0.20956906942277417,
    "ci_upper": 0.2803229364720928,
    "std_dev": 0.04691575029211308,
    "values": [
      0.2576366126322947,
      0.1387545791783503,
      0.22128680889125968,
      0.3213449634683033,
      0.26650641025641025,
      0.24013882119628244,
      0.27487649964714184,
      0.22950451780546863,
      0.2851251021131088,
      0.21428571428571427
    ],
    "n": 10
  },
  "avg_result_including_empty_result_recall": {
    "mean": 0.30448986882566215,
    "ci_lower": 0.24683469308704062,
    "ci_upper": 0.3621450445642837,
    "std_dev": 0.07646043787587196,
    "values": [
      0.39278010638255006,
      0.17309237409690756,
      0.33567498105667626,
      0.45742510833306277,
      0.29733440792812155,
      0.29733440792812155,
      0.3076923076923077,
      0.2857142857142857,
      0.2835649948388739,
      0.21428571428571427
    ],
    "n": 10
  },
  "avg_result_including_empty_result_f1": {
    "mean": 0.25688568302047177,
    "ci_lower": 0.21826759647673424,
    "ci_upper": 0.2955037695642093,
    "std_dev": 0.05121406307820036,
    "values": [
      0.2820444687248359,
      0.1504190760783294,
      0.23316260908849049,
      0.35392403805228695,
      0.2772755237171667,
      0.24719618423233458,
      0.2868356133662256,
      0.2393772394453965,
      0.28433636321393724,
      0.21428571428571427
    ],
    "n": 10
  },
  "avg_result_all_precision": {
    "mean": 0.11946130635107814,
    "ci_lower": 0.09841376202243236,
    "ci_upper": 0.14050885067972393,
    "std_dev": 0.027912575670150208,
    "values": [
      0.16102288289518418,
      0.0823855313871455,
      0.16418053562899912,
      0.1506304516257672,
      0.10826822916666667,
      0.09755639611098973,
      0.11166857798165138,
      0.10040822653989252,
      0.1247422321744851,
      0.09375
    ],
    "n": 10
  },
  "avg_result_all_recall": {
    "mean": 0.15211222543175246,
    "ci_lower": 0.10941848801120599,
    "ci_upper": 0.19480596285229893,
    "std_dev": 0.05661906005683664,
    "values": [
      0.24548756648909378,
      0.10277359712003886,
      0.24904917949366304,
      0.21441801953112316,
      0.12079210322079938,
      0.12079210322079938,
      0.125,
      0.125,
      0.12405968524200732,
      0.09375
    ],
    "n": 10
  },
  "avg_result_all_f1": {
    "mean": 0.12569509258541992,
    "ci_lower": 0.10174183754185151,
    "ci_upper": 0.14964834762898832,
    "std_dev": 0.03176603567191672,
    "values": [
      0.17627779295302243,
      0.08931132642150809,
      0.1729916131946865,
      0.1659018928370095,
      0.11264318151009896,
      0.10042344984438592,
      0.11652696793002915,
      0.10472754225736096,
      0.12439715890609754,
      0.09375
    ],
    "n": 10
  }
}