{
  "avg_result_excluding_empty_result_precision": {
    "mean": 0.026363370043886558,
    "ci_lower": -0.033274716337864586,
    "ci_upper": 0.0860014564256377,
    "std_dev": 0.07909011013165967,
    "values": [
      0.0,
      0.2636337004388656,
      0.0,
      0.0,
      0.0,
      0.0,
      0.0,
      0.0,
      0.0,
      0.0
    ],
    "n": 10
  },
  "avg_result_excluding_empty_result_recall": {
    "mean": 0.03288755107841244,
    "ci_lower": -0.04150925816234829,
    "ci_upper": 0.10728436031917316,
    "std_dev": 0.0986626532352373,
    "values": [
      0.0,
      0.32887551078412436,
      0.0,
      0.0,
      0.0,
      0.0,
      0.0,
      0.0,
      0.0,
      0.0
    ],
    "n": 10
  },
  "avg_result_excluding_empty_result_f1": {
    "mean": 0.02857962445488259,
    "ci_lower": -0.03607197771741022,
    "ci_upper": 0.0932312266271754,
    "std_dev": 0.08573887336464776,
    "values": [
      0.0,
      0.2857962445488259,
      0.0,
      0.0,
      0.0,
      0.0,
      0.0,
      0.0,
      0.0,
      0.0
    ],
    "n": 10
  },
  "avg_result_including_empty_result_precision": {
    "mean": 0.01387545791783503,
    "ci_lower": -0.017513008598876105,
    "ci_upper": 0.04526392443454617,
    "std_dev": 0.04162637375350509,
    "values": [
      0.0,
      0.1387545791783503,
      0.0,
      0.0,
      0.0,
      0.0,
      0.0,
      0.0,
      0.0,
      0.0
    ],
    "n": 10
  },
  "avg_result_including_empty_result_recall": {
    "mean": 0.017309237409690755,
    "ci_lower": -0.02184697798018331,
    "ci_upper": 0.056465452799564816,
    "std_dev": 0.05192771222907226,
    "values": [
      0.0,
      0.17309237409690756,
      0.0,
      0.0,
      0.0,
      0.0,
      0.0,
      0.0,
      0.0,
      0.0
    ],
    "n": 10
  },
  "avg_result_including_empty_result_f1": {
    "mean": 0.01504190760783294,
    "ci_lower": -0.018985251430215903,
    "ci_upper": 0.04906906664588179,
    "std_dev": 0.04512572282349882,
    "values": [
      0.0,
      0.1504190760783294,
      0.0,
      0.0,
      0.0,
      0.0,
      0.0,
      0.0,
      0.0,
      0.0
    ],
    "n": 10
  },
  "avg_result_all_precision": {
    "mean": 0.00823855313871455,
    "ci_lower": -0.010398348855582686,
    "ci_upper": 0.026875455133011785,
    "std_dev": 0.024715659416143645,
    "values": [
      0.0,
      0.0823855313871455,
      0.0,
      0.0,
      0.0,
      0.0,
      0.0,
      0.0,
      0.0,
      0.0
    ],
    "n": 10
  },
  "avg_result_all_recall": {
    "mean": 0.010277359712003886,
    "ci_lower": -0.012971643175733839,
    "ci_upper": 0.03352636259974161,
    "std_dev": 0.03083207913601166,
    "values": [
      0.0,
      0.10277359712003886,
      0.0,
      0.0,
      0.0,
      0.0,
      0.0,
      0.0,
      0.0,
      0.0
    ],
    "n": 10
  },
  "avg_result_all_f1": {
    "mean": 0.00893113264215081,
    "ci_lower": -0.011272493036690694,
    "ci_upper": 0.029134758320992313,
    "std_dev": 0.026793397926452425,
    "values": [
      0.0,
      0.08931132642150809,
      0.0,
      0.0,
      0.0,
      0.0,
      0.0,
      0.0,
      0.0,
      0.0
    ],
    "n": 10
  }
}