{
  "avg_result_excluding_empty_result_precision": {
    "mean": 0.48564311582204356,
    "ci_lower": 0.4017166727705948,
    "ci_upper": 0.5695695588734924,
    "std_dev": 0.11130054679166658,
    "values": [
      0.6666666666666666,
      0.47053867621504925,
      0.5,
      0.5,
      0.5,
      0.2857142857142857,
      0.4623287671232877,
      0.3282051282051282,
      0.6429776342960184,
      0.5
    ],
    "n": 10
  },
  "avg_result_excluding_empty_result_recall": {
    "mean": 0.5039065565016477,
    "ci_lower": 0.4142450295522735,
    "ci_upper": 0.593568083451022,
    "std_dev": 0.11890623041802832,
    "values": [
      0.6666666666666666,
      0.5586938775510204,
      0.5,
      0.5,
      0.5,
      0.2857142857142857,
      0.41199602932193036,
      0.4,
      0.7159947057625738,
      0.5
    ],
    "n": 10
  },
  "avg_result_excluding_empty_result_f1": {
    "mean": 0.4842727705899038,
    "ci_lower": 0.4049975947513851,
    "ci_upper": 0.5635479464284225,
    "std_dev": 0.10513218595983781,
    "values": [
      0.6666666666666666,
      0.4920369485586877,
      0.5,
      0.5,
      0.5,
      0.2857142857142857,
      0.42697382535936496,
      0.35625,
      0.6150859796000324,
      0.5
    ],
    "n": 10
  },
  "avg_result_including_empty_result_precision": {
    "mean": 0.16627796179348694,
    "ci_lower": 0.12516112465520535,
    "ci_upper": 0.20739479893176854,
    "std_dev": 0.05452782567026292,
    "values": [
      0.15384615384615385,
      0.23526933810752462,
      0.14285714285714285,
      0.1111111111111111,
      0.13333333333333333,
      0.15384615384615385,
      0.21756647864625303,
      0.09653092006033182,
      0.27556184326972216,
      0.14285714285714285
    ],
    "n": 10
  },
  "avg_result_including_empty_result_recall": {
    "mean": 0.1735580393735114,
    "ci_lower": 0.12546496491426756,
    "ci_upper": 0.22165111383275526,
    "std_dev": 0.06377948700774555,
    "values": [
      0.15384615384615385,
      0.2793469387755102,
      0.14285714285714285,
      0.1111111111111111,
      0.13333333333333333,
      0.15384615384615385,
      0.19388048438679076,
      0.11764705882352941,
      0.3068548738982459,
      0.14285714285714285
    ],
    "n": 10
  },
  "avg_result_including_empty_result_f1": {
    "mean": 0.16531860598591724,
    "ci_lower": 0.12661860437435035,
    "ci_upper": 0.20401860759748414,
    "std_dev": 0.051322696203928035,
    "values": [
      0.15384615384615385,
      0.24601847427934384,
      0.14285714285714285,
      0.1111111111111111,
      0.13333333333333333,
      0.15384615384615385,
      0.20092885899264235,
      0.10477941176470588,
      0.26360827697144246,
      0.14285714285714285
    ],
    "n": 10
  },
  "avg_result_all_precision": {
    "mean": 0.07653528849154187,
    "ci_lower": 0.05809713142657767,
    "ci_upper": 0.09497344555650607,
    "std_dev": 0.024452090289387274,
    "values": [
      0.0625,
      0.10293033542204202,
      0.0625,
      0.0625,
      0.0625,
      0.0625,
      0.11558219178082192,
      0.05128205128205128,
      0.12055830643050346,
      0.0625
    ],
    "n": 10
  },
  "avg_result_all_recall": {
    "mean": 0.0796962300375251,
    "ci_lower": 0.05918824756494897,
    "ci_upper": 0.10020421251010123,
    "std_dev": 0.027197026107640285,
    "values": [
      0.0625,
      0.12221428571428572,
      0.0625,
      0.0625,
      0.0625,
      0.0625,
      0.10299900733048259,
      0.0625,
      0.1342490073304826,
      0.0625
    ],
    "n": 10
  },
  "avg_result_all_f1": {
    "mean": 0.07603692225120603,
    "ci_lower": 0.059176490979344756,
    "ci_upper": 0.09289735352306731,
    "std_dev": 0.02235976113691715,
    "values": [
      0.0625,
      0.10763308249721293,
      0.0625,
      0.0625,
      0.0625,
      0.0625,
      0.10674345633984124,
      0.0556640625,
      0.11532862117500607,
      0.0625
    ],
    "n": 10
  }
}