{
  "SP-BLEU": 0.05295001712264213,
  "METEOR": 0.3269457682381245,
  "num_none_queries": 0,
  "num_pairs_evaluated": 1
}